Masked_MH_get_Q_head0,0,1,1,1,18432,384,1
Masked_MH_get_K_head0,0,1,1,1,18432,384,1
Masked_MH_get_V_head0,0,1,1,1,18432,384,1
Masked_MH_QxKT_head0,0,1,1,1,384,0,1
Masked_MH_QxKTxV_head0,0,1,1,1,0,384,1
Masked_MH_get_Q_head1,0,1,1,1,18432,384,1
Masked_MH_get_K_head1,0,1,1,1,18432,384,1
Masked_MH_get_V_head1,0,1,1,1,18432,384,1
Masked_MH_QxKT_head1,0,1,1,1,384,0,1
Masked_MH_QxKTxV_head1,0,1,1,1,0,384,1
Masked_MH_get_Q_head2,0,1,1,1,18432,384,1
Masked_MH_get_K_head2,0,1,1,1,18432,384,1
Masked_MH_get_V_head2,0,1,1,1,18432,384,1
Masked_MH_QxKT_head2,0,1,1,1,384,0,1
Masked_MH_QxKTxV_head2,0,1,1,1,0,384,1
Masked_MH_get_Q_head3,0,1,1,1,18432,384,1
Masked_MH_get_K_head3,0,1,1,1,18432,384,1
Masked_MH_get_V_head3,0,1,1,1,18432,384,1
Masked_MH_QxKT_head3,0,1,1,1,384,0,1
Masked_MH_QxKTxV_head3,0,1,1,1,0,384,1
Masked_MH_get_Q_head4,0,1,1,1,18432,384,1
Masked_MH_get_K_head4,0,1,1,1,18432,384,1
Masked_MH_get_V_head4,0,1,1,1,18432,384,1
Masked_MH_QxKT_head4,0,1,1,1,384,0,1
Masked_MH_QxKTxV_head4,0,1,1,1,0,384,1
Masked_MH_get_Q_head5,0,1,1,1,18432,384,1
Masked_MH_get_K_head5,0,1,1,1,18432,384,1
Masked_MH_get_V_head5,0,1,1,1,18432,384,1
Masked_MH_QxKT_head5,0,1,1,1,384,0,1
Masked_MH_QxKTxV_head5,0,1,1,1,0,384,1
Masked_MH_get_Q_head6,0,1,1,1,18432,384,1
Masked_MH_get_K_head6,0,1,1,1,18432,384,1
Masked_MH_get_V_head6,0,1,1,1,18432,384,1
Masked_MH_QxKT_head6,0,1,1,1,384,0,1
Masked_MH_QxKTxV_head6,0,1,1,1,0,384,1
Masked_MH_get_Q_head7,0,1,1,1,18432,384,1
Masked_MH_get_K_head7,0,1,1,1,18432,384,1
Masked_MH_get_V_head7,0,1,1,1,18432,384,1
Masked_MH_QxKT_head7,0,1,1,1,384,0,1
Masked_MH_QxKTxV_head7,0,1,1,1,0,384,1
Masked_MH_get_Q_head8,0,1,1,1,18432,384,1
Masked_MH_get_K_head8,0,1,1,1,18432,384,1
Masked_MH_get_V_head8,0,1,1,1,18432,384,1
Masked_MH_QxKT_head8,0,1,1,1,384,0,1
Masked_MH_QxKTxV_head8,0,1,1,1,0,384,1
Masked_MH_get_Q_head9,0,1,1,1,18432,384,1
Masked_MH_get_K_head9,0,1,1,1,18432,384,1
Masked_MH_get_V_head9,0,1,1,1,18432,384,1
Masked_MH_QxKT_head9,0,1,1,1,384,0,1
Masked_MH_QxKTxV_head9,0,1,1,1,0,384,1
Masked_MH_get_Q_head10,0,1,1,1,18432,384,1
Masked_MH_get_K_head10,0,1,1,1,18432,384,1
Masked_MH_get_V_head10,0,1,1,1,18432,384,1
Masked_MH_QxKT_head10,0,1,1,1,384,0,1
Masked_MH_QxKTxV_head10,0,1,1,1,0,384,1
Masked_MH_get_Q_head11,0,1,1,1,18432,384,1
Masked_MH_get_K_head11,0,1,1,1,18432,384,1
Masked_MH_get_V_head11,0,1,1,1,18432,384,1
Masked_MH_QxKT_head11,0,1,1,1,384,0,1
Masked_MH_QxKTxV_head11,0,1,1,1,0,384,1
Masked_MH_get_Q_head12,0,1,1,1,18432,384,1
Masked_MH_get_K_head12,0,1,1,1,18432,384,1
Masked_MH_get_V_head12,0,1,1,1,18432,384,1
Masked_MH_QxKT_head12,0,1,1,1,384,0,1
Masked_MH_QxKTxV_head12,0,1,1,1,0,384,1
Masked_MH_get_Q_head13,0,1,1,1,18432,384,1
Masked_MH_get_K_head13,0,1,1,1,18432,384,1
Masked_MH_get_V_head13,0,1,1,1,18432,384,1
Masked_MH_QxKT_head13,0,1,1,1,384,0,1
Masked_MH_QxKTxV_head13,0,1,1,1,0,384,1
Masked_MH_get_Q_head14,0,1,1,1,18432,384,1
Masked_MH_get_K_head14,0,1,1,1,18432,384,1
Masked_MH_get_V_head14,0,1,1,1,18432,384,1
Masked_MH_QxKT_head14,0,1,1,1,384,0,1
Masked_MH_QxKTxV_head14,0,1,1,1,0,384,1
Masked_MH_get_Q_head15,0,1,1,1,18432,384,1
Masked_MH_get_K_head15,0,1,1,1,18432,384,1
Masked_MH_get_V_head15,0,1,1,1,18432,384,1
Masked_MH_QxKT_head15,0,1,1,1,384,0,1
Masked_MH_QxKTxV_head15,0,1,1,1,0,384,1
Masked_MH_get_Q_head16,0,1,1,1,18432,384,1
Masked_MH_get_K_head16,0,1,1,1,18432,384,1
Masked_MH_get_V_head16,0,1,1,1,18432,384,1
Masked_MH_QxKT_head16,0,1,1,1,384,0,1
Masked_MH_QxKTxV_head16,0,1,1,1,0,384,1
Masked_MH_get_Q_head17,0,1,1,1,18432,384,1
Masked_MH_get_K_head17,0,1,1,1,18432,384,1
Masked_MH_get_V_head17,0,1,1,1,18432,384,1
Masked_MH_QxKT_head17,0,1,1,1,384,0,1
Masked_MH_QxKTxV_head17,0,1,1,1,0,384,1
Masked_MH_get_Q_head18,0,1,1,1,18432,384,1
Masked_MH_get_K_head18,0,1,1,1,18432,384,1
Masked_MH_get_V_head18,0,1,1,1,18432,384,1
Masked_MH_QxKT_head18,0,1,1,1,384,0,1
Masked_MH_QxKTxV_head18,0,1,1,1,0,384,1
Masked_MH_get_Q_head19,0,1,1,1,18432,384,1
Masked_MH_get_K_head19,0,1,1,1,18432,384,1
Masked_MH_get_V_head19,0,1,1,1,18432,384,1
Masked_MH_QxKT_head19,0,1,1,1,384,0,1
Masked_MH_QxKTxV_head19,0,1,1,1,0,384,1
Masked_MH_get_Q_head20,0,1,1,1,18432,384,1
Masked_MH_get_K_head20,0,1,1,1,18432,384,1
Masked_MH_get_V_head20,0,1,1,1,18432,384,1
Masked_MH_QxKT_head20,0,1,1,1,384,0,1
Masked_MH_QxKTxV_head20,0,1,1,1,0,384,1
Masked_MH_get_Q_head21,0,1,1,1,18432,384,1
Masked_MH_get_K_head21,0,1,1,1,18432,384,1
Masked_MH_get_V_head21,0,1,1,1,18432,384,1
Masked_MH_QxKT_head21,0,1,1,1,384,0,1
Masked_MH_QxKTxV_head21,0,1,1,1,0,384,1
Masked_MH_get_Q_head22,0,1,1,1,18432,384,1
Masked_MH_get_K_head22,0,1,1,1,18432,384,1
Masked_MH_get_V_head22,0,1,1,1,18432,384,1
Masked_MH_QxKT_head22,0,1,1,1,384,0,1
Masked_MH_QxKTxV_head22,0,1,1,1,0,384,1
Masked_MH_get_Q_head23,0,1,1,1,18432,384,1
Masked_MH_get_K_head23,0,1,1,1,18432,384,1
Masked_MH_get_V_head23,0,1,1,1,18432,384,1
Masked_MH_QxKT_head23,0,1,1,1,384,0,1
Masked_MH_QxKTxV_head23,0,1,1,1,0,384,1
Masked_MH_get_Q_head24,0,1,1,1,18432,384,1
Masked_MH_get_K_head24,0,1,1,1,18432,384,1
Masked_MH_get_V_head24,0,1,1,1,18432,384,1
Masked_MH_QxKT_head24,0,1,1,1,384,0,1
Masked_MH_QxKTxV_head24,0,1,1,1,0,384,1
Masked_MH_get_Q_head25,0,1,1,1,18432,384,1
Masked_MH_get_K_head25,0,1,1,1,18432,384,1
Masked_MH_get_V_head25,0,1,1,1,18432,384,1
Masked_MH_QxKT_head25,0,1,1,1,384,0,1
Masked_MH_QxKTxV_head25,0,1,1,1,0,384,1
Masked_MH_get_Q_head26,0,1,1,1,18432,384,1
Masked_MH_get_K_head26,0,1,1,1,18432,384,1
Masked_MH_get_V_head26,0,1,1,1,18432,384,1
Masked_MH_QxKT_head26,0,1,1,1,384,0,1
Masked_MH_QxKTxV_head26,0,1,1,1,0,384,1
Masked_MH_get_Q_head27,0,1,1,1,18432,384,1
Masked_MH_get_K_head27,0,1,1,1,18432,384,1
Masked_MH_get_V_head27,0,1,1,1,18432,384,1
Masked_MH_QxKT_head27,0,1,1,1,384,0,1
Masked_MH_QxKTxV_head27,0,1,1,1,0,384,1
Masked_MH_get_Q_head28,0,1,1,1,18432,384,1
Masked_MH_get_K_head28,0,1,1,1,18432,384,1
Masked_MH_get_V_head28,0,1,1,1,18432,384,1
Masked_MH_QxKT_head28,0,1,1,1,384,0,1
Masked_MH_QxKTxV_head28,0,1,1,1,0,384,1
Masked_MH_get_Q_head29,0,1,1,1,18432,384,1
Masked_MH_get_K_head29,0,1,1,1,18432,384,1
Masked_MH_get_V_head29,0,1,1,1,18432,384,1
Masked_MH_QxKT_head29,0,1,1,1,384,0,1
Masked_MH_QxKTxV_head29,0,1,1,1,0,384,1
Masked_MH_get_Q_head30,0,1,1,1,18432,384,1
Masked_MH_get_K_head30,0,1,1,1,18432,384,1
Masked_MH_get_V_head30,0,1,1,1,18432,384,1
Masked_MH_QxKT_head30,0,1,1,1,384,0,1
Masked_MH_QxKTxV_head30,0,1,1,1,0,384,1
Masked_MH_get_Q_head31,0,1,1,1,18432,384,1
Masked_MH_get_K_head31,0,1,1,1,18432,384,1
Masked_MH_get_V_head31,0,1,1,1,18432,384,1
Masked_MH_QxKT_head31,0,1,1,1,384,0,1
Masked_MH_QxKTxV_head31,0,1,1,1,0,384,1
Masked_MH_get_Q_head32,0,1,1,1,18432,384,1
Masked_MH_get_K_head32,0,1,1,1,18432,384,1
Masked_MH_get_V_head32,0,1,1,1,18432,384,1
Masked_MH_QxKT_head32,0,1,1,1,384,0,1
Masked_MH_QxKTxV_head32,0,1,1,1,0,384,1
Masked_MH_get_Q_head33,0,1,1,1,18432,384,1
Masked_MH_get_K_head33,0,1,1,1,18432,384,1
Masked_MH_get_V_head33,0,1,1,1,18432,384,1
Masked_MH_QxKT_head33,0,1,1,1,384,0,1
Masked_MH_QxKTxV_head33,0,1,1,1,0,384,1
Masked_MH_get_Q_head34,0,1,1,1,18432,384,1
Masked_MH_get_K_head34,0,1,1,1,18432,384,1
Masked_MH_get_V_head34,0,1,1,1,18432,384,1
Masked_MH_QxKT_head34,0,1,1,1,384,0,1
Masked_MH_QxKTxV_head34,0,1,1,1,0,384,1
Masked_MH_get_Q_head35,0,1,1,1,18432,384,1
Masked_MH_get_K_head35,0,1,1,1,18432,384,1
Masked_MH_get_V_head35,0,1,1,1,18432,384,1
Masked_MH_QxKT_head35,0,1,1,1,384,0,1
Masked_MH_QxKTxV_head35,0,1,1,1,0,384,1
Masked_MH_get_Q_head36,0,1,1,1,18432,384,1
Masked_MH_get_K_head36,0,1,1,1,18432,384,1
Masked_MH_get_V_head36,0,1,1,1,18432,384,1
Masked_MH_QxKT_head36,0,1,1,1,384,0,1
Masked_MH_QxKTxV_head36,0,1,1,1,0,384,1
Masked_MH_get_Q_head37,0,1,1,1,18432,384,1
Masked_MH_get_K_head37,0,1,1,1,18432,384,1
Masked_MH_get_V_head37,0,1,1,1,18432,384,1
Masked_MH_QxKT_head37,0,1,1,1,384,0,1
Masked_MH_QxKTxV_head37,0,1,1,1,0,384,1
Masked_MH_get_Q_head38,0,1,1,1,18432,384,1
Masked_MH_get_K_head38,0,1,1,1,18432,384,1
Masked_MH_get_V_head38,0,1,1,1,18432,384,1
Masked_MH_QxKT_head38,0,1,1,1,384,0,1
Masked_MH_QxKTxV_head38,0,1,1,1,0,384,1
Masked_MH_get_Q_head39,0,1,1,1,18432,384,1
Masked_MH_get_K_head39,0,1,1,1,18432,384,1
Masked_MH_get_V_head39,0,1,1,1,18432,384,1
Masked_MH_QxKT_head39,0,1,1,1,384,0,1
Masked_MH_QxKTxV_head39,0,1,1,1,0,384,1
Masked_MH_get_Q_head40,0,1,1,1,18432,384,1
Masked_MH_get_K_head40,0,1,1,1,18432,384,1
Masked_MH_get_V_head40,0,1,1,1,18432,384,1
Masked_MH_QxKT_head40,0,1,1,1,384,0,1
Masked_MH_QxKTxV_head40,0,1,1,1,0,384,1
Masked_MH_get_Q_head41,0,1,1,1,18432,384,1
Masked_MH_get_K_head41,0,1,1,1,18432,384,1
Masked_MH_get_V_head41,0,1,1,1,18432,384,1
Masked_MH_QxKT_head41,0,1,1,1,384,0,1
Masked_MH_QxKTxV_head41,0,1,1,1,0,384,1
Masked_MH_get_Q_head42,0,1,1,1,18432,384,1
Masked_MH_get_K_head42,0,1,1,1,18432,384,1
Masked_MH_get_V_head42,0,1,1,1,18432,384,1
Masked_MH_QxKT_head42,0,1,1,1,384,0,1
Masked_MH_QxKTxV_head42,0,1,1,1,0,384,1
Masked_MH_get_Q_head43,0,1,1,1,18432,384,1
Masked_MH_get_K_head43,0,1,1,1,18432,384,1
Masked_MH_get_V_head43,0,1,1,1,18432,384,1
Masked_MH_QxKT_head43,0,1,1,1,384,0,1
Masked_MH_QxKTxV_head43,0,1,1,1,0,384,1
Masked_MH_get_Q_head44,0,1,1,1,18432,384,1
Masked_MH_get_K_head44,0,1,1,1,18432,384,1
Masked_MH_get_V_head44,0,1,1,1,18432,384,1
Masked_MH_QxKT_head44,0,1,1,1,384,0,1
Masked_MH_QxKTxV_head44,0,1,1,1,0,384,1
Masked_MH_get_Q_head45,0,1,1,1,18432,384,1
Masked_MH_get_K_head45,0,1,1,1,18432,384,1
Masked_MH_get_V_head45,0,1,1,1,18432,384,1
Masked_MH_QxKT_head45,0,1,1,1,384,0,1
Masked_MH_QxKTxV_head45,0,1,1,1,0,384,1
Masked_MH_get_Q_head46,0,1,1,1,18432,384,1
Masked_MH_get_K_head46,0,1,1,1,18432,384,1
Masked_MH_get_V_head46,0,1,1,1,18432,384,1
Masked_MH_QxKT_head46,0,1,1,1,384,0,1
Masked_MH_QxKTxV_head46,0,1,1,1,0,384,1
Masked_MH_get_Q_head47,0,1,1,1,18432,384,1
Masked_MH_get_K_head47,0,1,1,1,18432,384,1
Masked_MH_get_V_head47,0,1,1,1,18432,384,1
Masked_MH_QxKT_head47,0,1,1,1,384,0,1
Masked_MH_QxKTxV_head47,0,1,1,1,0,384,1
Masked_MH_Concat_Linear,0,1,1,1,18432,18432,1
FF1,0,1,1,1,73728,18432,1
FF2,0,1,1,1,18432,73728,1
